sqft,bedrooms,bathrooms,year_built,lot_size,location,price
1373,1,1,1959,200.7,Zone C,585182
1151,3,3,1960,398.3,Zone B,680808
1426,5,5,1970,165.2,Zone D,695633
1733,3,3,1994,553.9,Zone C,720995
1118,4,4,1956,436.4,Zone D,692481
1118,4,4,2013,198.1,Zone C,714389
1752,2,1,2013,197.1,Zone C,858505
1468,2,2,1951,458.1,Zone A,775257
1035,3,3,1991,606.2,Zone B,655659
1389,3,2,2003,235.5,Zone D,641491
1037,4,3,1965,518.0,Zone A,810332
1036,4,4,1967,318.7,Zone A,860233
1284,3,3,2008,523.5,Zone B,889508
530,2,2,1965,502.5,Zone A,717977
596,4,4,1955,423.3,Zone D,517474
1003,2,2,2006,124.8,Zone D,648874
845,4,4,1996,502.2,Zone B,698017
1309,3,2,1997,475.3,Zone A,894101
882,3,3,1991,461.6,Zone C,627213
705,2,2,2009,429.4,Zone C,561045
1712,3,3,1953,268.2,Zone D,718122
1120,3,3,1951,562.4,Zone B,670817
1223,3,3,2008,534.7,Zone B,787222
701,2,2,1976,238.7,Zone B,701030
1009,3,2,1976,597.1,Zone D,701225
1238,4,4,2021,419.8,Zone C,815636
797,2,2,1956,419.4,Zone C,598924
1331,2,2,2012,373.5,Zone A,908477
989,1,1,1995,388.3,Zone C,637576
1097,3,3,2012,605.6,Zone C,730097
989,3,3,1961,555.0,Zone B,690783
1848,3,3,1962,551.8,Zone B,732780
1195,2,2,1992,427.7,Zone B,736781
829,3,2,1966,533.4,Zone B,691900
1487,3,2,2012,274.9,Zone A,949895
772,3,2,1985,487.5,Zone B,718248
1273,5,4,1957,377.0,Zone B,670676
514,2,2,2018,91.0,Zone A,859448
735,3,2,1985,162.1,Zone B,745187
1268,3,3,1977,300.6,Zone D,642159
1458,3,2,1996,462.3,Zone B,816105
1259,3,2,1979,300.7,Zone C,683274
1159,3,2,1972,311.3,Zone B,754910
1094,5,4,1965,514.5,Zone C,652608
682,2,2,1963,316.7,Zone A,790620
948,2,2,2020,599.6,Zone C,737197
1038,3,3,2001,574.8,Zone A,890613
1569,3,3,1986,403.3,Zone C,734293
1320,2,2,1978,513.0,Zone B,656011
582,2,2,2016,492.6,Zone C,693193
1313,2,1,1964,363.2,Zone B,635515
1065,4,4,1996,529.2,Zone B,813970
963,2,1,1995,551.3,Zone A,765661
1414,3,2,2001,257.1,Zone C,661971
1560,2,1,1968,423.0,Zone D,648092
1525,3,2,1970,421.4,Zone C,768266
906,2,2,2013,527.4,Zone A,777160
1091,3,2,1986,333.4,Zone B,814271
1315,2,1,1976,310.3,Zone D,661279
1541,4,4,2004,425.3,Zone B,841805
1032,2,2,1978,577.2,Zone C,632088
1135,3,2,1969,220.1,Zone D,604296
812,4,4,1974,246.3,Zone D,628938
781,3,3,2019,321.9,Zone B,792146
1484,3,3,2012,348.6,Zone B,785632
1674,3,3,1985,135.2,Zone B,748470
1174,3,3,1951,624.7,Zone C,635417
1551,3,2,1971,380.5,Zone B,832092
1326,5,5,1965,358.0,Zone A,775012
974,3,3,1967,643.4,Zone B,747827
1326,3,3,2018,507.7,Zone A,913955
1738,3,3,2003,319.7,Zone C,694712
1187,3,2,1979,424.7,Zone C,664870
1747,2,2,1994,393.7,Zone B,834825
300,3,3,1968,617.3,Zone B,700592
1487,5,5,1983,374.9,Zone D,649912
1230,2,2,1962,183.7,Zone A,623960
1095,3,2,1992,118.4,Zone C,629994
1232,2,1,2011,621.3,Zone D,728002
504,3,3,1971,281.7,Zone B,564171
1123,2,2,2001,500.5,Zone B,820139
1324,3,3,2001,410.8,Zone D,746814
1717,4,4,1985,337.5,Zone A,922434
1018,3,3,2022,361.0,Zone B,746810
917,3,3,1968,637.5,Zone B,690565
1024,4,4,1987,182.8,Zone B,775356
1520,4,4,2019,342.0,Zone C,831898
1315,2,1,2006,536.0,Zone D,758814
1014,3,2,1969,207.5,Zone C,639711
1379,2,2,1958,597.6,Zone A,717446
1233,5,4,1981,533.8,Zone A,779503
1539,4,4,1953,440.8,Zone C,618818
954,3,3,1999,324.5,Zone A,843516
1085,4,3,1954,188.3,Zone C,643140
1062,3,2,1969,506.1,Zone B,705350
687,3,2,1986,812.3,Zone C,621636
1303,2,2,1971,421.9,Zone B,658621
1291,4,4,2007,126.1,Zone B,840743
1201,2,1,2017,468.6,Zone A,723794
1117,4,4,1993,529.0,Zone B,723861
704,4,4,1983,262.3,Zone B,741351
1052,3,3,1991,303.2,Zone C,645554
1080,1,1,1958,287.9,Zone C,625026
919,3,3,1956,320.3,Zone C,588707
1143,2,2,2017,374.2,Zone D,648628
1341,3,2,1968,270.9,Zone B,759103
1860,2,2,1980,214.6,Zone A,799887
1261,4,4,1984,426.2,Zone B,807082
1290,3,3,2006,372.6,Zone C,741699
1173,3,3,2010,334.6,Zone B,848583
528,3,3,1980,412.5,Zone C,625494
1190,3,3,2002,172.0,Zone B,710053
1221,3,2,1981,439.5,Zone D,726779
2062,3,3,2015,337.6,Zone D,739760
1132,4,3,2008,435.9,Zone A,874778
1305,3,3,1959,459.9,Zone B,760572
1187,5,5,1951,569.7,Zone C,590526
790,4,4,2015,415.4,Zone B,840305
1599,2,2,2009,560.0,Zone B,745371
1463,4,3,1966,351.7,Zone C,690878
1476,2,2,1965,358.9,Zone A,826607
881,4,4,1965,386.4,Zone C,648934
1690,3,2,1995,516.1,Zone C,811358
709,4,3,1988,494.6,Zone A,715366
1405,4,3,1980,420.3,Zone B,815568
1966,4,4,1950,215.8,Zone B,824462
853,4,3,1960,492.0,Zone C,687646
1001,3,3,1953,270.8,Zone A,671609
1234,2,2,2020,262.6,Zone D,613487
1023,3,3,1975,229.2,Zone B,689613
657,2,2,1999,387.5,Zone A,705639
1223,3,3,1961,581.8,Zone B,619092
828,3,3,2014,255.2,Zone B,725044
1365,5,4,1996,651.8,Zone B,833274
878,3,3,2002,536.5,Zone B,879332
1742,4,4,2020,180.3,Zone B,915807
925,2,2,1951,342.6,Zone A,817263
1087,4,3,1973,244.0,Zone A,815413
1484,4,4,1953,499.7,Zone C,723256
769,3,3,1968,251.8,Zone B,661910
1279,3,2,1975,156.8,Zone B,871316
1657,4,3,1989,351.1,Zone C,735352
637,2,2,1999,575.4,Zone B,658283
1264,3,3,1992,371.1,Zone C,754735
1290,3,2,2016,459.8,Zone B,816335
1473,2,2,1961,465.6,Zone A,779619
767,3,3,2016,173.2,Zone D,685164
737,2,1,1976,265.1,Zone B,657545
1382,1,1,2003,401.0,Zone C,704910
1303,2,2,2015,316.4,Zone B,796180
1287,5,5,1998,655.7,Zone C,674074
1321,3,3,1965,215.8,Zone D,563466
961,5,5,1951,263.6,Zone A,841603
1281,3,2,2009,443.6,Zone C,708339
1302,3,3,2003,305.8,Zone B,775960
949,3,3,1979,50.0,Zone C,731976
1853,3,3,1987,690.2,Zone B,816624
1365,2,2,1977,238.9,Zone D,629006
783,3,2,1974,484.1,Zone A,819577
1429,2,2,1959,212.0,Zone B,676630
858,3,3,2009,270.5,Zone D,698622
1475,3,3,1991,156.6,Zone C,779988
1605,2,2,1989,288.8,Zone A,979361
912,2,2,1991,303.4,Zone B,667416
1537,4,3,1996,380.1,Zone B,896145
1344,3,2,1986,344.1,Zone B,789886
1487,2,2,1971,183.8,Zone B,663805
1863,5,5,2006,321.4,Zone C,690173
1114,2,1,1976,617.1,Zone A,749292
936,3,2,1990,599.3,Zone C,691192
888,5,5,1983,468.4,Zone C,718647
914,2,2,1981,499.5,Zone B,685417
1173,2,2,2015,709.1,Zone B,769385
1319,2,1,1961,485.7,Zone B,694159
1296,3,2,1989,496.6,Zone B,816374
1489,2,2,2022,165.3,Zone C,688726
1204,3,3,2022,233.1,Zone B,817031
1708,2,1,1959,395.1,Zone C,653517
1107,3,2,1997,278.9,Zone B,703412
2152,5,4,1969,250.3,Zone B,923384
1418,4,3,1988,267.6,Zone A,821597
899,3,3,2009,186.5,Zone A,833691
825,3,3,2015,281.3,Zone A,960364
1368,3,3,2014,450.9,Zone B,857983
1121,3,3,2000,669.4,Zone D,644938
1449,3,3,1985,519.5,Zone C,707026
1365,2,1,1973,495.4,Zone B,662394
1174,4,4,1976,156.5,Zone A,907799
903,3,2,1951,417.9,Zone A,796032
669,2,2,1980,390.0,Zone B,690677
1043,3,2,2006,443.6,Zone B,801960
1499,3,3,2015,345.9,Zone B,781664
1274,4,4,1978,649.3,Zone A,758855
763,3,3,1964,407.9,Zone A,780729
1260,4,4,1961,422.5,Zone A,866426
1334,1,1,1977,105.6,Zone A,886153
890,3,2,1973,384.0,Zone C,636613
1253,3,3,1970,572.4,Zone A,795525
1220,1,1,1959,483.3,Zone B,658218
799,2,2,1967,76.7,Zone B,681771
1325,4,4,1963,332.5,Zone D,637436
1396,2,1,1983,659.8,Zone D,651740
1579,3,2,2007,377.4,Zone C,819383
1568,2,2,1971,448.4,Zone A,795473
717,1,1,2019,642.9,Zone B,772468
871,2,2,1985,376.8,Zone C,670895
1380,5,4,1994,518.7,Zone A,792190
1379,4,4,1985,461.7,Zone B,753876
1380,5,4,1971,493.8,Zone D,589924
2548,3,2,2010,456.9,Zone B,928261
1399,2,2,2005,317.9,Zone A,844108
1597,3,2,1982,332.8,Zone A,923849
1533,3,3,1994,271.8,Zone B,745206
1427,4,4,1985,154.0,Zone A,900349
1089,2,2,1969,586.7,Zone C,670864
1465,3,2,1967,401.5,Zone C,710767
929,2,1,1987,579.1,Zone A,855336
1117,3,2,2016,634.8,Zone D,787358
1030,3,2,1972,408.0,Zone B,709704
1228,3,3,1965,203.0,Zone A,822961
2010,3,2,2008,370.6,Zone C,774951
546,3,3,2018,299.3,Zone C,621269
1440,3,3,2017,103.0,Zone C,827105
635,4,4,1970,324.7,Zone D,623946
1034,4,3,2019,389.3,Zone C,694903
1581,5,4,1961,303.5,Zone D,627978
1222,4,4,1965,284.3,Zone B,696797
822,3,3,1963,208.4,Zone C,616433
949,3,2,2010,429.4,Zone D,638989
1437,3,3,2020,680.4,Zone C,790131
944,2,1,1995,591.8,Zone A,859492
1275,4,3,1981,498.0,Zone B,788959
1215,1,1,1964,501.3,Zone B,702172
971,4,4,1993,380.1,Zone A,698087
1950,3,2,1966,129.3,Zone D,622204
1421,3,2,1990,344.6,Zone A,820163
491,3,3,2003,254.6,Zone A,750612
1265,4,3,1993,423.2,Zone D,729426
968,3,3,1954,585.0,Zone B,629685
1498,3,3,1976,696.0,Zone A,893808
922,2,1,1992,409.7,Zone B,666184
1159,3,2,1980,149.9,Zone C,625610
1376,2,2,1966,409.4,Zone A,737122
1503,3,2,2003,413.5,Zone D,824248
779,3,3,2011,501.8,Zone B,695593
1082,3,3,1981,397.1,Zone B,758973
1033,1,1,1989,410.0,Zone B,618481
971,2,1,1962,305.2,Zone C,681764
1817,3,3,1984,353.2,Zone B,829056
1341,2,2,1954,477.0,Zone B,704540
758,2,2,2022,98.7,Zone B,748631
1521,1,1,1978,352.4,Zone C,710101
1942,5,5,2019,503.2,Zone A,1083701
1561,3,2,1974,646.1,Zone C,691526
668,3,3,1971,340.2,Zone C,590180
1030,2,2,2015,577.8,Zone A,854926
1643,3,3,1994,653.5,Zone A,947254
952,4,3,2018,342.2,Zone B,782825
1355,3,2,2021,316.3,Zone B,863533
1471,2,2,1950,372.7,Zone A,816039
875,2,2,1993,387.7,Zone B,690302
1179,2,2,1988,563.6,Zone B,639727
300,3,3,2003,283.9,Zone B,644542
841,4,4,1978,630.7,Zone B,800238
1111,2,2,2003,279.9,Zone B,759632
763,1,1,1965,210.3,Zone C,557878
1771,2,2,1969,478.6,Zone D,684287
699,5,5,1995,584.6,Zone D,679051
1045,2,1,2016,426.8,Zone B,722003
1245,4,4,2014,465.3,Zone B,886243
1704,3,3,2007,693.1,Zone B,869189
697,3,2,2002,586.7,Zone A,748032
1607,2,2,1950,404.6,Zone A,844091
1203,2,2,2015,335.3,Zone C,702229
856,3,3,1978,564.3,Zone B,687408
1361,4,4,2019,524.4,Zone B,778757
1269,3,3,1957,462.8,Zone D,646787
989,3,3,1978,350.9,Zone A,790934
1224,1,1,2000,388.5,Zone A,866241
1065,5,5,1982,377.9,Zone A,818623
1239,4,4,1952,353.4,Zone B,677607
1431,2,2,2009,309.8,Zone C,701660
1755,5,5,1984,439.8,Zone B,863254
766,3,3,2018,303.1,Zone B,708931
1946,3,2,1969,426.6,Zone C,742130
516,3,3,2022,85.0,Zone C,644465
1146,4,4,1988,310.0,Zone D,687851
1405,3,3,1953,564.7,Zone C,589770
1298,2,2,1968,264.9,Zone B,719623
982,3,2,1994,488.8,Zone A,928347
1127,4,4,1992,277.4,Zone A,931611
1027,2,2,1962,516.4,Zone A,726223
993,3,3,1962,355.4,Zone C,662564
1497,3,2,2009,349.5,Zone C,783908
1324,3,3,2006,408.2,Zone B,873121
957,3,3,2001,198.5,Zone A,688067
1514,4,3,2002,545.8,Zone B,891693
1307,2,1,1992,595.5,Zone D,644118
1484,2,2,2021,346.0,Zone B,772568
1420,2,2,2021,478.6,Zone C,718055
909,4,4,1991,516.8,Zone C,630523
1003,3,3,1975,386.3,Zone D,589328
1461,2,2,1972,233.8,Zone C,634416
1413,4,4,1992,639.1,Zone C,762254
1192,4,4,1977,341.1,Zone A,872097
1241,4,4,1958,308.6,Zone A,792621
1647,4,4,1969,645.8,Zone B,867497
992,2,1,2005,491.5,Zone A,797557
1391,4,4,1988,438.6,Zone D,680668
1129,3,3,2000,254.4,Zone B,733025
1123,4,4,1961,520.4,Zone D,654116
1584,3,2,2004,834.5,Zone B,862643
1488,4,4,1960,532.1,Zone B,777638
1484,3,3,1975,474.4,Zone D,662734
1656,2,2,1991,508.2,Zone B,712623
1207,3,3,1976,350.8,Zone B,712826
1438,5,5,1960,349.4,Zone A,937030
1091,4,4,1987,347.4,Zone C,756396
1313,1,1,1992,313.8,Zone B,744181
1154,2,1,1968,347.1,Zone B,674164
1233,2,2,2013,346.4,Zone B,771693
1408,3,3,1955,363.3,Zone C,655127
913,4,3,1995,359.1,Zone C,756901
1932,2,2,1991,436.5,Zone B,768665
847,3,3,2014,411.8,Zone B,797334
775,4,4,2021,425.1,Zone C,694708
1605,3,3,2008,628.3,Zone B,906397
1477,3,2,2001,411.5,Zone B,824898
1418,3,2,1996,731.6,Zone B,747519
1419,3,3,1956,452.9,Zone D,619691
1195,2,2,1960,332.9,Zone B,718550
885,3,2,2010,602.4,Zone B,722885
1226,3,2,2017,388.1,Zone C,749985
962,4,3,1974,50.0,Zone C,645802
1541,3,3,1961,399.4,Zone A,929344
1148,4,4,1975,362.6,Zone B,839175
911,2,1,1961,641.0,Zone C,678425
1087,3,3,1992,265.4,Zone D,641714
1344,1,1,2000,350.1,Zone C,678362
1002,2,2,1986,590.1,Zone B,667855
912,3,3,1995,459.2,Zone A,909911
1285,5,5,2002,374.3,Zone D,770187
1285,2,2,1962,286.5,Zone C,697670
1022,3,2,2003,452.8,Zone A,833295
1035,4,4,2006,395.6,Zone A,766141
1281,2,1,1953,284.8,Zone C,570710
693,3,3,1998,292.6,Zone B,708645
707,3,3,1956,277.8,Zone B,620868
948,3,2,1960,251.1,Zone A,728325
1125,2,2,2003,540.1,Zone B,764089
1308,3,3,1994,519.9,Zone B,825905
1716,4,4,1972,540.4,Zone C,715224
1500,3,3,1977,400.7,Zone B,693251
1144,1,1,2006,363.6,Zone B,697288
1193,4,3,1975,366.3,Zone B,689761
849,1,1,1974,553.2,Zone B,680323
1193,3,3,2003,127.0,Zone A,864386
1098,2,2,1978,322.8,Zone B,794565
1312,5,4,1985,266.9,Zone C,783630
910,3,3,1963,604.0,Zone A,864059
1381,3,3,1984,328.4,Zone A,769017
1736,2,2,1979,154.6,Zone A,666092
1161,3,3,1966,433.5,Zone B,720880
1340,4,4,2016,344.5,Zone D,737152
1441,5,4,1979,316.5,Zone A,878668
1059,3,3,1994,301.0,Zone D,651645
1278,3,3,2000,295.1,Zone A,802003
1204,3,2,1996,506.3,Zone C,743696
1234,4,3,2002,433.6,Zone B,835049
929,3,3,2013,370.3,Zone C,648338
1208,3,3,1987,235.3,Zone B,727491
1374,3,3,2013,374.7,Zone B,792217
1707,3,3,1956,439.1,Zone C,673017
1535,1,1,1971,444.8,Zone C,621712
1953,3,3,1990,424.1,Zone B,836430
931,3,3,1959,261.6,Zone A,772779
1505,4,3,2006,50.0,Zone A,885087
1264,2,2,1956,669.9,Zone C,595846
1966,3,3,1999,203.6,Zone B,875727
917,3,3,2001,105.3,Zone B,694651
906,3,2,1982,419.6,Zone C,646444
990,2,1,1950,143.7,Zone D,544071
456,3,2,2002,279.3,Zone C,692337
1015,3,2,2009,482.3,Zone C,677042
934,3,2,1983,665.9,Zone C,748153
1252,3,3,1953,458.1,Zone B,734217
1319,3,3,1966,334.1,Zone B,817038
1856,4,4,1953,392.3,Zone C,767402
1532,2,1,1992,128.7,Zone B,758744
998,4,3,1953,332.4,Zone D,563192
885,3,3,1950,332.5,Zone A,720708
1372,2,2,2020,423.0,Zone A,993457
737,2,2,1999,691.3,Zone D,600293
1841,3,2,2022,109.5,Zone C,865285
1612,4,4,2010,338.8,Zone B,862846
1035,3,3,1984,125.0,Zone C,686942
600,4,4,1957,324.5,Zone C,621623
1673,3,3,1973,270.3,Zone B,800489
1159,3,2,1985,175.8,Zone A,781541
1633,2,2,1999,537.0,Zone C,735745
641,3,2,1992,438.3,Zone D,611946
990,3,3,1976,519.4,Zone A,806488
1201,2,2,1981,320.3,Zone D,606602
1216,2,2,1967,389.4,Zone D,627578
1042,3,2,1977,639.2,Zone B,676834
1417,3,3,1978,399.6,Zone C,649524
826,5,5,1965,521.2,Zone B,722428
1150,4,4,1996,307.4,Zone B,708563
1242,3,2,2008,507.4,Zone C,752608
1380,3,3,1980,317.7,Zone D,572445
1449,3,2,1953,115.5,Zone C,637887
806,4,4,1986,398.9,Zone B,703308
663,2,2,1966,329.5,Zone A,644136
1647,3,3,1988,156.3,Zone A,865051
1316,4,4,1997,428.7,Zone B,860993
938,3,3,1995,266.0,Zone A,749550
1742,3,3,1997,863.9,Zone B,808498
1240,3,3,1988,180.3,Zone B,840081
1612,2,1,1953,218.1,Zone C,622505
1223,3,3,1979,530.4,Zone B,809471
1921,3,2,1979,380.0,Zone B,796183
1814,1,1,1971,527.4,Zone B,757279
1112,1,1,2015,457.1,Zone A,916867
1540,4,4,1961,312.7,Zone A,815372
1425,2,2,1985,193.1,Zone B,780932
1679,3,3,1967,560.7,Zone D,720094
862,2,2,2002,206.7,Zone A,769867
1440,4,4,2020,483.8,Zone C,756945
1570,2,2,1950,537.8,Zone D,613731
584,3,2,2007,381.0,Zone C,650164
785,4,3,1955,354.4,Zone A,697848
486,4,4,2019,252.4,Zone D,604718
1105,2,2,1993,469.4,Zone A,621868
1451,4,4,2021,50.0,Zone B,827946
1725,3,3,1973,507.4,Zone D,735089
1225,3,3,1968,417.9,Zone C,595723
1770,2,2,1967,366.6,Zone B,732228
716,2,2,1979,436.3,Zone B,776462
603,3,3,1991,194.0,Zone B,683287
1180,3,3,1982,50.0,Zone B,802748
1334,3,2,1961,470.3,Zone B,668266
1188,3,2,1976,597.5,Zone D,659177
476,4,4,1988,139.1,Zone D,542331
1168,2,1,1958,242.1,Zone D,607710
743,3,2,1970,512.8,Zone B,710895
1434,2,2,1978,453.8,Zone C,723969
1328,4,4,1982,844.5,Zone D,666990
871,3,3,2011,561.3,Zone D,663905
1020,5,4,1964,525.3,Zone B,741151
829,2,1,1951,285.4,Zone A,751126
1178,2,2,2001,478.7,Zone A,836303
1534,2,2,1993,624.3,Zone B,827839
854,2,2,2003,375.3,Zone C,732440
1376,2,2,1967,382.4,Zone C,655978
1014,4,4,1952,421.2,Zone B,690469
922,2,1,1956,300.3,Zone A,689234
1162,2,2,1992,440.3,Zone B,749547
837,4,3,1987,436.6,Zone B,742757
1006,3,2,1986,622.0,Zone A,821078
780,4,3,2007,371.6,Zone C,707680
1887,2,2,1982,501.2,Zone B,903660
1212,3,3,2008,376.1,Zone C,585192
955,1,1,1960,496.0,Zone B,621048
1274,2,2,2017,362.5,Zone B,764903
1160,4,4,2017,486.0,Zone B,893571
1122,2,2,1971,509.2,Zone D,626493
1414,3,3,2015,240.0,Zone A,945389
1465,3,3,1993,565.4,Zone C,806132
1014,3,3,1955,375.0,Zone B,666961
998,4,4,1991,329.5,Zone D,685168
1103,1,1,1974,293.5,Zone C,609823
394,3,2,2006,444.7,Zone B,634199
669,5,5,2004,399.3,Zone C,791779
1678,3,3,1965,455.6,Zone A,871964
1775,4,4,1963,458.5,Zone D,730214
1112,2,2,1988,491.3,Zone B,666257
1401,3,3,1977,816.4,Zone B,783009
1308,2,1,2000,406.0,Zone C,802279
2277,3,3,1998,289.8,Zone C,822006
1591,5,5,1958,97.0,Zone A,783468
1155,2,2,2007,220.7,Zone C,713571
865,3,3,1994,585.3,Zone B,669585
637,2,2,1971,508.0,Zone B,573414
1271,3,3,1981,197.5,Zone C,661359
935,3,3,2018,769.6,Zone B,742462
702,5,5,2018,449.0,Zone B,723944
973,3,3,1991,469.0,Zone C,745010
821,3,3,2002,736.6,Zone A,935320
1790,2,2,2008,660.9,Zone C,817734
1508,2,1,1988,517.2,Zone A,880662
1197,2,2,1964,524.4,Zone A,772680
1717,2,2,2020,538.4,Zone A,882811
1227,4,4,1978,363.9,Zone C,786858
898,3,3,1952,443.0,Zone C,614037
1733,3,3,1959,486.1,Zone A,817066
1388,2,2,1978,381.0,Zone A,883383
836,4,3,1984,255.2,Zone D,623648
1133,3,3,1955,360.1,Zone A,826546
893,2,2,1961,251.8,Zone D,550270
716,3,3,1987,409.7,Zone A,841364
1524,3,2,1968,132.9,Zone C,751929
1868,2,2,2016,451.2,Zone B,932145
710,3,3,1957,155.3,Zone D,531045
1397,3,3,1957,339.5,Zone C,670892
972,2,2,1996,475.6,Zone B,815026
1029,4,4,1953,518.7,Zone A,764402
992,4,4,2000,500.9,Zone C,757015
897,3,3,2016,448.0,Zone C,822822
1216,3,3,1994,232.1,Zone A,741662
909,3,3,1957,547.1,Zone A,740826
1294,3,3,1965,235.5,Zone C,675607
1182,3,2,2016,564.2,Zone B,693098
1116,2,2,1958,494.2,Zone C,611048
882,3,3,2009,603.8,Zone B,696372
998,4,4,2020,403.7,Zone D,738591
1464,3,3,1964,277.2,Zone D,569724
1375,2,1,2020,206.1,Zone D,792566
857,4,4,1990,222.8,Zone A,862864
1234,2,2,1971,154.5,Zone D,569768
1462,2,2,1973,541.3,Zone B,788328
615,2,2,1993,560.1,Zone B,701498
1390,3,3,1950,483.1,Zone B,704968
968,4,4,1959,395.0,Zone A,741839
1399,3,3,2021,709.1,Zone D,757042
932,2,1,2005,385.3,Zone A,828534
568,4,4,1999,433.1,Zone C,633831
630,4,3,1961,392.8,Zone C,560533
1216,4,3,2009,349.3,Zone C,709550
1290,2,1,1975,494.6,Zone A,781242
883,3,3,1990,305.0,Zone B,773376
1423,5,5,1985,294.9,Zone C,803473
618,4,3,1972,502.2,Zone B,657326
1176,1,1,1992,325.4,Zone B,693376
776,2,2,1955,420.0,Zone B,678098
971,3,2,2018,348.8,Zone B,783481
1216,4,3,1992,398.3,Zone D,693823
898,3,3,1974,299.0,Zone B,658055
1065,3,3,1967,303.9,Zone B,693062
1552,2,2,2011,277.0,Zone B,806038
998,3,2,1962,526.5,Zone B,681732
1492,4,3,1992,425.8,Zone A,945952
804,3,3,1977,537.8,Zone B,725618
1385,4,4,1967,553.8,Zone B,704502
1704,5,4,2008,331.0,Zone C,799611
334,2,2,2009,532.2,Zone B,631546
921,3,3,2012,397.9,Zone B,827684
1401,2,1,2006,376.2,Zone B,904234
1128,4,4,2000,587.9,Zone A,846774
1329,3,3,2005,483.1,Zone D,687205
988,3,3,1976,347.1,Zone B,746983
1230,4,4,1981,473.3,Zone A,808194
1145,3,2,1958,210.1,Zone A,826129
1608,4,4,2017,437.1,Zone D,763776
1289,3,2,1995,175.1,Zone A,756296
1318,2,2,2016,252.3,Zone C,670066
1055,3,3,1975,487.7,Zone A,783354
1029,4,4,1957,50.0,Zone D,660308
1048,3,3,1955,670.4,Zone D,558313
1338,4,4,1973,525.2,Zone B,729514
1052,4,4,1997,124.2,Zone A,869323
1301,2,2,1994,759.8,Zone B,665823
1926,5,5,1962,801.1,Zone B,837954
1504,2,1,2018,372.9,Zone B,724851
1085,2,2,1974,261.0,Zone B,721537
1620,2,1,1969,652.9,Zone A,788241
1057,4,4,2015,348.4,Zone B,741751
486,3,3,1994,424.2,Zone B,690706
847,2,2,1996,582.6,Zone B,743247
545,3,3,2012,377.0,Zone A,828883
1076,3,3,2004,363.8,Zone D,673309
1206,2,1,1968,209.1,Zone B,707938
1786,4,3,1984,305.4,Zone C,798708
1314,4,4,2002,360.9,Zone B,827761
1123,3,3,1975,214.2,Zone A,784933
1490,5,4,1963,227.8,Zone B,807186
426,3,3,1994,405.0,Zone B,633348
1282,5,4,1993,122.5,Zone C,811109
1469,3,2,2014,268.1,Zone C,813865
682,3,2,2000,691.7,Zone B,819911
1600,2,2,1992,348.2,Zone D,711649
1318,4,4,1972,329.4,Zone B,800131
1054,3,3,2005,347.5,Zone D,590002
1421,2,2,1968,349.9,Zone D,674322
1994,1,1,2004,486.2,Zone A,999712
1263,3,3,2009,475.7,Zone B,873426
1286,3,3,2008,341.4,Zone B,796592
1039,3,2,1982,367.9,Zone C,658709
902,4,3,1968,596.9,Zone B,650003
1490,2,1,1977,173.5,Zone D,605858
900,3,2,2001,391.4,Zone C,686030
1225,2,2,1998,420.3,Zone A,739716
1032,4,4,1986,283.5,Zone A,791001
1367,4,3,1975,382.7,Zone C,722580
1316,3,3,1989,263.2,Zone A,858291
1563,3,3,1987,495.6,Zone C,691207
1021,3,3,2003,199.3,Zone B,685217
1105,3,3,1971,559.4,Zone B,657938
857,4,3,1965,389.0,Zone A,768259
1044,3,3,1977,332.8,Zone C,767246
1332,3,3,1984,249.3,Zone A,909547
1464,3,3,2009,554.6,Zone C,777390
877,4,4,1994,302.2,Zone B,768058
1504,3,3,1995,224.9,Zone C,798154
1674,2,2,2021,557.7,Zone B,879397
1344,3,2,2004,264.4,Zone A,866023
1856,4,4,1975,385.8,Zone C,725289
929,2,2,1974,522.8,Zone A,762577
764,2,2,2014,423.7,Zone B,770321
577,2,2,1955,659.6,Zone A,688339
1723,3,3,1972,274.8,Zone C,675987
1429,3,2,2013,368.4,Zone D,630957
1180,3,3,1992,380.0,Zone B,745870
1297,3,2,1972,493.2,Zone B,680923
806,3,3,1979,593.3,Zone C,627316
2056,3,3,1967,411.0,Zone A,984661
1245,4,4,1970,379.4,Zone D,650083
1238,3,2,2006,177.6,Zone A,829738
1454,5,5,1972,416.9,Zone D,711157
1368,3,3,1994,302.5,Zone C,827026
1278,2,2,1993,492.8,Zone C,694480
923,3,3,1996,338.5,Zone C,569668
1365,3,3,1989,363.9,Zone B,802805
1858,3,3,2000,181.0,Zone B,860914
1670,2,2,1991,128.3,Zone A,883185
1757,2,2,1956,679.1,Zone C,685497
1021,4,4,1999,419.5,Zone C,676828
853,2,1,1997,460.7,Zone D,675504
1155,4,3,1955,263.2,Zone B,615377
1219,2,1,1958,531.3,Zone A,755421
1582,3,3,2006,504.3,Zone B,803265
607,3,3,1980,279.6,Zone C,661203
1735,3,3,1970,241.1,Zone A,938563
1144,3,3,1989,290.1,Zone B,730782
1050,2,2,1994,395.8,Zone C,684443
845,1,1,1998,425.1,Zone B,699824
620,3,3,1969,405.8,Zone B,704101
1488,3,3,1966,594.8,Zone B,798703
1225,4,3,1977,292.8,Zone C,678482
748,4,4,1990,237.0,Zone B,740092
746,4,4,2015,400.0,Zone C,728072
1082,4,4,1974,146.0,Zone A,811708
1784,3,3,2007,504.4,Zone D,770727
1109,2,2,1990,414.7,Zone B,723843
673,4,3,1955,349.3,Zone B,664522
1113,3,2,1987,341.0,Zone C,624686
1104,3,3,1955,536.5,Zone C,601820
300,2,1,1994,531.7,Zone A,774827
1180,3,2,1963,363.0,Zone C,605518
1119,3,2,2015,488.8,Zone B,808957
1443,4,3,1989,529.5,Zone D,699834
1847,3,3,1952,450.3,Zone C,765583
1594,3,3,1973,369.2,Zone B,800846
1105,5,5,1968,457.2,Zone C,675305
812,2,2,1967,244.1,Zone B,643834
2100,3,2,2013,410.7,Zone A,853884
1220,1,1,1984,365.0,Zone D,609491
1204,3,2,2011,341.5,Zone C,671176
1191,4,3,1950,141.0,Zone B,689953
1269,2,1,1974,245.9,Zone B,681807
1149,4,3,1994,327.1,Zone B,722975
999,2,2,1998,534.3,Zone D,681621
1008,4,4,1965,442.9,Zone A,725566
1188,4,4,1968,541.0,Zone B,684127
1009,4,4,1972,586.4,Zone B,686149
950,1,1,1974,449.4,Zone B,640833
1237,5,5,1965,421.0,Zone B,704281
1110,3,2,2003,254.1,Zone A,834800
1726,3,3,2022,698.0,Zone A,988735
300,4,4,1950,187.3,Zone B,638804
1582,2,2,1991,417.8,Zone D,713858
1636,4,4,1968,524.9,Zone A,753505
474,2,2,1983,527.0,Zone C,613268
1080,3,2,2004,226.7,Zone C,732693
1069,3,3,1967,337.0,Zone C,625219
707,2,1,1983,280.2,Zone D,642035
927,2,2,1994,102.9,Zone B,759352
811,1,1,1955,419.5,Zone A,697451
1813,3,3,1970,292.4,Zone B,750939
1527,3,3,2019,625.8,Zone B,936329
1645,3,3,1997,492.3,Zone C,765812
1452,2,1,1988,406.2,Zone C,715683
804,2,2,1980,329.1,Zone D,585144
1016,3,3,1959,417.3,Zone A,893126
1371,1,1,1979,361.6,Zone D,615358
772,4,3,1967,410.4,Zone B,685505
1449,4,4,2009,685.2,Zone B,784718
1115,3,2,2022,240.3,Zone B,769848
1068,3,3,1964,374.7,Zone C,604365
1448,4,4,1953,506.0,Zone B,693429
1355,2,2,2012,340.0,Zone D,600522
1073,2,1,1989,637.1,Zone D,665182
1605,2,1,1958,501.8,Zone D,645786
821,4,4,1958,292.2,Zone A,776105
1415,1,1,1975,430.6,Zone D,622402
1407,3,3,1953,294.3,Zone C,672568
1091,5,4,1965,280.5,Zone A,914807
1314,4,3,1964,379.0,Zone A,782127
762,3,3,2001,589.6,Zone A,832087
1523,2,1,2018,511.8,Zone A,932371
1135,4,3,1954,396.6,Zone B,759956
1017,3,3,1969,517.2,Zone D,628982
1567,2,2,1967,440.3,Zone B,761065
953,2,2,1951,224.5,Zone B,587849
707,4,4,1962,378.2,Zone D,551286
655,3,3,1953,389.0,Zone B,583657
1412,4,4,1991,514.3,Zone D,581387
751,4,3,2010,315.0,Zone B,770927
1814,3,3,1957,263.1,Zone B,746659
471,3,3,2016,393.2,Zone B,727247
1793,3,3,2012,303.2,Zone B,857484
1273,3,3,1958,351.5,Zone A,806849
1166,3,3,1960,387.9,Zone C,717233
1009,4,4,1991,342.5,Zone B,750182
1339,3,3,1962,544.5,Zone D,664353
1186,4,4,1985,612.1,Zone B,746041
1586,3,3,1962,529.4,Zone A,883427
1239,3,3,1961,134.3,Zone C,605231
1252,3,2,1986,303.7,Zone A,733731
1072,3,3,2022,373.2,Zone C,846736
1180,3,3,2001,123.1,Zone D,755101
1307,2,1,2020,268.6,Zone C,640977
601,3,3,1951,371.3,Zone A,710329
728,2,2,2005,332.7,Zone B,708821
1460,3,2,2009,401.3,Zone C,802621
1259,3,3,1972,192.9,Zone C,765176
1135,3,3,1989,331.0,Zone A,772725
1206,5,4,2013,422.8,Zone B,770128
1321,3,2,1972,401.5,Zone B,735286
1011,3,2,1978,467.0,Zone A,748564
927,3,3,2000,458.3,Zone B,597003
1268,3,3,2018,338.9,Zone B,791340
857,2,2,1980,418.0,Zone C,672363
1342,2,2,1999,280.0,Zone D,666284
604,3,3,1969,359.5,Zone C,635848
1560,3,3,2004,241.7,Zone B,841339
1365,1,1,1951,559.8,Zone B,624217
1289,2,2,1974,359.0,Zone D,630032
1543,2,2,1962,559.6,Zone D,570494
1782,5,5,2019,446.7,Zone D,779516
1555,3,3,2016,267.2,Zone C,787657
555,3,3,2007,437.7,Zone B,704605
752,2,2,2013,521.5,Zone C,608549
981,3,3,2018,388.4,Zone B,711914
1209,2,2,2008,411.1,Zone B,777886
1381,2,1,2009,317.3,Zone C,777155
945,3,2,2011,403.6,Zone A,840512
1265,1,1,1965,435.7,Zone A,757146
935,1,1,2017,313.2,Zone B,770736
985,2,1,1964,238.1,Zone B,631700
707,1,1,2004,593.2,Zone D,655856
876,2,2,1984,490.6,Zone A,706841
726,3,2,2004,317.9,Zone A,874373
858,4,4,1963,432.9,Zone A,806601
1568,3,2,1998,178.2,Zone A,1050254
867,3,2,1956,103.4,Zone A,687170
2121,2,2,1979,562.6,Zone C,645813
1372,4,3,1998,434.4,Zone B,873382
1264,3,3,1965,392.8,Zone C,604345
899,2,1,2000,434.9,Zone D,646326
1445,3,3,2021,883.9,Zone C,850935
998,2,1,1991,530.4,Zone A,827672
1242,3,3,1966,243.2,Zone A,816984
2096,3,3,2012,147.9,Zone D,814085
1166,4,4,1994,558.2,Zone B,819711
1602,3,2,1956,528.4,Zone C,724691
953,3,2,1976,486.3,Zone D,560485
1187,5,4,1959,278.1,Zone D,729487
1819,2,1,1983,454.5,Zone D,701248
980,2,2,1985,291.5,Zone B,725061
1834,3,3,1974,499.4,Zone B,834353
1447,3,3,1955,547.4,Zone D,687071
1003,3,3,1973,318.5,Zone B,753761
1421,4,4,1967,569.8,Zone A,853092
1540,3,3,1955,417.2,Zone C,690361
1417,3,3,1978,473.8,Zone B,777941
650,3,3,1974,203.6,Zone D,619011
945,4,4,2004,434.8,Zone C,660551
1113,5,5,1995,298.7,Zone B,821808
1173,4,3,1973,471.2,Zone D,609694
1417,1,1,1975,620.1,Zone C,758648
1262,3,2,1977,443.4,Zone C,710152
732,2,2,1952,264.9,Zone B,605670
1333,2,2,1987,494.0,Zone B,766047
1413,2,1,2010,460.3,Zone C,741716
1395,3,3,2000,708.8,Zone A,877809
1578,3,3,1997,438.1,Zone B,703864
1491,2,2,1970,312.2,Zone C,637856
1360,3,3,2003,515.6,Zone B,784123
1175,3,3,2005,380.8,Zone B,681304
618,3,3,2008,412.0,Zone A,776495
1350,2,2,2021,260.7,Zone B,770241
1272,3,3,2000,381.6,Zone C,688406
1295,4,4,1969,404.6,Zone B,785729
753,2,1,2008,380.7,Zone A,756158
821,2,2,2020,311.4,Zone C,688955
1568,3,3,1958,443.2,Zone D,635633
1186,4,3,1950,261.5,Zone C,653217
1438,3,3,1978,226.2,Zone A,942186
1209,3,3,2012,506.4,Zone B,799005
1210,3,3,2021,492.7,Zone D,722841
1528,3,3,2005,203.9,Zone A,858955
1019,1,1,2017,125.6,Zone C,712351
1233,3,2,1984,248.7,Zone B,774403
1038,4,4,1952,380.8,Zone A,802225
1047,3,3,1956,573.2,Zone C,584971
1091,4,4,1976,377.1,Zone C,661494
1277,3,3,1950,284.6,Zone C,716519
1032,2,2,2020,422.3,Zone A,818010
1639,4,4,1993,382.9,Zone A,1018617
886,2,2,1990,192.8,Zone B,669255
1134,3,3,1991,193.7,Zone B,751468
1046,2,2,1982,197.8,Zone A,782505
1706,1,1,1999,772.0,Zone A,831679
1268,3,2,2012,529.0,Zone A,841653
1561,2,2,1986,310.9,Zone D,640256
680,3,3,2008,566.2,Zone C,680536
1293,3,3,1997,314.8,Zone D,720347
1511,1,1,1954,561.3,Zone A,782678
1228,2,2,1997,412.0,Zone D,651232
1572,3,3,1952,301.2,Zone A,881569
1018,3,2,1996,502.0,Zone B,743669
1693,3,2,2011,420.6,Zone C,764289
2004,3,3,1963,459.7,Zone B,737473
1073,4,4,2012,432.3,Zone B,862371
1044,3,2,2010,430.8,Zone A,843004
1708,3,2,1980,520.1,Zone A,847091
1752,3,2,1966,787.6,Zone C,696396
1016,2,2,1973,587.3,Zone C,697805
1052,3,3,1972,432.9,Zone C,635514
1101,4,4,1999,353.4,Zone B,826851
729,3,2,2019,369.9,Zone C,681592
878,4,4,1976,211.6,Zone A,732791
848,4,4,1964,499.7,Zone A,760452
931,4,3,1999,247.8,Zone D,656589
1187,4,4,1985,344.1,Zone A,844943
1281,3,2,1957,500.6,Zone C,657671
1742,3,3,1952,364.4,Zone A,811952
850,3,3,2011,326.2,Zone C,657031
1544,3,3,1996,220.4,Zone C,751795
1125,3,2,2010,580.8,Zone A,906871
1182,3,3,1981,275.0,Zone B,658660
1436,3,3,1962,312.1,Zone C,748900
807,3,2,1950,131.2,Zone B,477674
1333,2,2,1983,397.0,Zone A,832361
1258,3,3,2011,350.0,Zone C,767298
1372,2,2,2020,427.3,Zone A,861820
1301,4,4,1980,223.8,Zone D,571921
2059,3,3,2013,510.1,Zone B,884261
976,2,2,1974,124.1,Zone A,779964
1014,1,1,1987,386.2,Zone C,591003
981,3,3,1963,417.3,Zone B,645137
1005,3,3,1957,408.7,Zone B,723658
976,3,3,2003,423.7,Zone B,753131
1616,2,2,1951,518.3,Zone B,639415
1697,3,3,2005,598.7,Zone B,861130
1000,3,3,2010,376.7,Zone A,801416
908,3,3,1971,254.8,Zone B,650863
1364,3,3,1984,484.1,Zone B,771106
1006,3,2,1965,358.0,Zone C,650910
1421,2,2,1999,589.7,Zone C,706087
1271,5,4,1992,309.7,Zone B,770941
669,3,2,1966,271.3,Zone C,600489
1741,3,3,2007,421.6,Zone C,750145
1828,2,2,1951,138.9,Zone B,789263
985,3,3,1953,329.9,Zone C,557383
1064,1,1,1988,350.5,Zone B,683868
1300,3,3,1955,433.1,Zone D,556199
1317,5,5,2018,250.6,Zone A,1009152
1430,3,3,2018,268.1,Zone B,808648
1903,1,1,1969,573.5,Zone C,661221
1138,1,1,2013,398.0,Zone A,880162
920,3,3,1965,529.7,Zone A,646980
717,2,2,2000,318.7,Zone B,706387
944,1,1,1986,391.8,Zone B,734473
1188,4,4,2022,432.2,Zone C,781926
1828,3,2,2018,662.1,Zone C,795052
1018,2,2,1991,367.4,Zone A,736790
1278,4,4,2006,375.1,Zone A,969813
1194,2,2,2015,564.7,Zone C,771160
1615,5,4,1958,343.0,Zone B,741900
2084,3,2,2013,442.7,Zone C,807220
1014,4,4,1971,551.6,Zone A,876444
1028,3,2,1983,313.6,Zone B,747240
1565,4,4,2004,451.1,Zone B,731164
1438,5,5,1978,661.8,Zone B,785623
1846,2,2,1987,538.2,Zone B,787978
1404,5,5,1967,442.7,Zone B,785026
1074,3,3,2020,366.4,Zone B,784951
1406,3,2,2014,309.4,Zone A,878607
1588,3,3,1950,251.8,Zone A,820231
1487,3,3,1953,626.4,Zone B,700403
1377,2,2,1953,597.3,Zone B,860355
1573,3,3,1976,301.4,Zone B,774901
1609,3,2,1992,450.7,Zone B,800162
1683,4,4,2008,416.7,Zone C,911889
1427,4,4,1981,577.7,Zone D,624464
1141,3,2,1982,457.4,Zone B,726926
1251,3,3,1977,396.6,Zone A,771406
1622,2,2,2004,318.7,Zone A,938374
914,2,2,2009,451.1,Zone C,658069
1329,2,2,2019,347.8,Zone B,825537
1062,3,2,2011,433.1,Zone A,897628
1210,2,1,1983,388.6,Zone C,713985
1647,5,5,2005,344.1,Zone A,996324
1266,3,2,1962,254.1,Zone B,700675
1216,3,3,2005,477.1,Zone B,702121
724,3,3,1967,406.4,Zone C,663403
1461,2,2,2003,668.1,Zone A,968370
1425,3,3,1992,245.1,Zone D,640070
1957,3,3,1988,493.8,Zone C,827428
1092,3,3,2010,387.6,Zone A,796952
1276,3,2,1991,715.0,Zone A,869905
1287,5,5,1967,482.3,Zone B,781358
1752,4,4,1972,448.7,Zone C,732655
1166,3,3,2003,388.0,Zone C,725429
1297,3,3,1979,294.5,Zone B,787407
1412,3,3,2007,446.7,Zone D,702068
1265,2,2,2017,192.7,Zone A,837866
1043,3,2,2016,199.6,Zone A,796557
1267,1,1,2020,551.9,Zone D,652435
1575,3,3,1967,135.7,Zone C,649336
840,3,3,1956,352.1,Zone B,641440
1246,2,2,1989,242.6,Zone C,666103
954,5,5,2019,339.6,Zone D,749184
1618,4,3,2014,427.7,Zone C,814379
666,3,3,2017,547.7,Zone C,806282
1004,3,3,1998,582.6,Zone C,598367
1332,4,4,2001,262.2,Zone A,916905
1747,2,2,1978,330.1,Zone C,704470
1176,4,4,1970,1007.9,Zone A,773304
1005,2,1,1958,362.5,Zone D,574020
1858,4,4,1996,267.7,Zone B,846863
693,2,1,1991,292.6,Zone C,677652
430,4,4,2000,363.4,Zone B,702934
1354,4,3,2005,341.1,Zone A,864018
1024,2,2,2000,364.8,Zone B,745238
842,3,3,2019,396.8,Zone D,646466
1447,5,5,1969,395.7,Zone D,636106
1285,3,2,1976,256.7,Zone B,723906
1002,4,4,1987,455.4,Zone D,661757
751,3,3,2021,418.2,Zone C,702203
1505,3,3,2014,474.5,Zone C,795833
1427,2,1,2003,142.8,Zone A,840355
1165,2,2,1973,423.5,Zone D,626522
1846,4,3,1996,102.2,Zone B,857343
825,3,3,2020,373.7,Zone D,661999
666,3,3,2012,498.7,Zone C,678372
957,3,3,2006,556.9,Zone C,809686
1184,3,2,2004,450.2,Zone C,781129
1285,4,4,2009,501.3,Zone B,829156
1115,5,4,2011,355.1,Zone B,768315
1323,3,3,1979,323.6,Zone B,731099
761,4,4,1971,803.9,Zone A,873107
1705,4,4,1978,524.1,Zone B,774427
1171,3,3,1990,224.1,Zone C,691946
1591,5,4,1991,139.8,Zone D,726996
1319,2,1,2014,330.2,Zone A,904454
1359,2,1,1980,578.8,Zone B,713572
1399,4,3,1979,407.3,Zone A,875074
1356,3,3,1967,66.4,Zone A,792598
1424,4,4,1966,373.4,Zone A,919444
1665,4,3,1987,399.6,Zone C,733417
1268,2,2,1963,50.0,Zone A,835484
1448,4,3,2005,403.6,Zone C,743721
1168,3,2,1971,248.0,Zone A,757037
1704,3,3,2016,124.7,Zone D,715057
963,3,2,2005,640.7,Zone C,618506
1830,4,4,1968,241.4,Zone D,732401
1185,1,1,2006,299.9,Zone D,587782
699,3,3,1993,297.9,Zone D,590291
1244,3,3,1984,400.3,Zone D,689703
961,3,3,1950,664.9,Zone C,653939
1494,3,3,2001,220.6,Zone A,806471
971,2,1,2019,354.0,Zone B,767263
1043,2,1,1986,418.1,Zone A,865522
538,3,3,2014,269.7,Zone C,632830
1041,4,4,2000,351.6,Zone B,795624
351,2,1,1950,489.2,Zone D,459029
645,2,2,1970,286.6,Zone D,566940
1466,5,5,2002,349.2,Zone B,846668
1475,1,1,1965,335.3,Zone B,736906
1348,5,5,2010,384.4,Zone D,773782
861,3,3,2003,436.5,Zone B,664374
1183,4,3,1989,488.0,Zone C,727798
1198,2,2,1975,690.6,Zone A,883125
794,1,1,2014,50.0,Zone C,551528
1726,3,3,2013,374.9,Zone B,907498
1507,4,4,1992,195.3,Zone D,792328
1122,3,3,1966,342.2,Zone B,630739
1209,2,1,2008,532.1,Zone A,819745
1272,4,3,1972,579.7,Zone A,869368
485,4,4,1956,586.7,Zone B,601601
1113,3,2,1993,585.3,Zone D,717183
961,4,3,2002,373.9,Zone C,767571
849,4,3,2020,609.8,Zone B,704470
1101,3,3,1983,639.5,Zone B,693395
1829,2,2,1995,420.8,Zone B,855617
1424,3,3,2017,576.6,Zone C,813650
1000,2,2,1965,406.2,Zone C,725955
1400,3,3,2020,611.5,Zone B,774913
1689,3,3,1968,375.8,Zone C,797252
1523,2,1,1951,308.6,Zone C,618733
1220,3,2,1959,232.0,Zone D,636714
973,2,1,1999,374.0,Zone D,665266
1444,4,4,1961,412.7,Zone C,556507
1337,4,4,2019,258.1,Zone C,833480
1513,2,2,1971,362.5,Zone B,807404
1422,5,5,1981,321.0,Zone C,808989
1567,3,3,1950,238.5,Zone B,826761
1012,2,2,2003,555.4,Zone B,782786
1661,2,2,2007,581.8,Zone B,784076
1269,3,2,2019,554.7,Zone C,824408
1926,4,4,1967,387.4,Zone A,859949
958,3,2,1955,396.6,Zone B,673741
1807,2,2,1994,240.5,Zone B,852899
1269,2,2,1972,462.2,Zone A,826980
972,3,3,1972,425.4,Zone A,862002
1030,2,2,1975,826.6,Zone C,762858
1087,2,2,1956,563.1,Zone C,576044
1348,2,2,1993,447.3,Zone B,737290
1382,4,4,1976,393.8,Zone D,691277
999,4,4,1975,550.2,Zone C,657801
1191,3,3,1985,262.6,Zone B,737175
1949,4,3,2004,570.9,Zone C,878308
1804,3,3,2013,236.9,Zone D,794366
1352,3,2,2006,315.8,Zone B,807780
1213,2,2,2018,124.3,Zone A,883430
1242,3,2,2010,492.1,Zone D,681689
1414,5,4,1951,437.5,Zone C,771122
842,3,3,2004,315.8,Zone A,924300
1109,3,3,1987,260.6,Zone B,787647
615,3,2,1978,606.8,Zone B,616389
1339,2,2,1975,380.0,Zone D,622395
1426,4,4,1984,284.9,Zone B,794900
1030,3,3,2016,688.3,Zone B,725139
1750,3,2,1978,301.4,Zone C,749779
770,3,2,1983,570.8,Zone B,695507
687,3,3,1990,227.4,Zone A,845202
1278,2,2,1990,346.8,Zone B,715202
1566,3,3,1972,475.3,Zone C,776024
1789,2,2,2020,391.3,Zone A,885409
1039,3,2,1952,436.6,Zone C,595013
1577,4,4,2007,319.2,Zone B,818691
1186,4,4,1981,160.3,Zone B,753936
1139,3,3,1980,619.8,Zone B,607030
1509,3,2,1992,328.3,Zone B,813990
1428,2,2,1956,443.4,Zone C,739100
648,4,4,1950,505.3,Zone B,677950
1716,2,2,2010,446.3,Zone C,764922
1683,3,3,1963,293.7,Zone A,781077
981,2,2,2001,574.0,Zone D,551455
1338,2,2,1955,477.1,Zone C,574875
1372,3,3,1959,429.8,Zone C,669926
1291,2,1,2020,426.3,Zone B,907879
1007,3,2,1979,652.3,Zone B,578950
964,3,2,1970,290.5,Zone A,820268
1191,1,1,2009,462.3,Zone D,615527
1610,3,2,2012,320.7,Zone B,814551
1390,1,1,1991,109.6,Zone C,642578
1070,2,2,2000,105.6,Zone C,618060
1470,3,3,2013,247.8,Zone B,825945
300,2,2,2005,301.2,Zone C,614960
1602,4,4,1990,725.9,Zone C,807525
591,1,1,1981,504.8,Zone C,519626
1073,2,2,1964,518.3,Zone B,721094
808,3,3,2011,304.4,Zone B,784840
746,3,3,1976,409.2,Zone A,792837
1606,2,2,1977,745.9,Zone C,693273
1036,3,3,2013,217.8,Zone C,734342
1321,2,1,2008,468.4,Zone B,767181
1183,4,3,2007,641.7,Zone D,749759
1366,3,3,1951,544.9,Zone A,771506
1226,4,4,1985,670.2,Zone D,680221
750,4,4,2020,431.9,Zone D,586343
1548,3,2,1962,490.5,Zone D,670102
1027,4,4,1964,416.5,Zone C,630110
655,3,3,2009,480.0,Zone B,745426
1050,5,5,1971,262.7,Zone A,874051
1725,2,2,2012,518.9,Zone C,747971
1497,3,3,1974,444.1,Zone B,759640
1077,3,2,1997,409.4,Zone A,853608
1077,3,3,1992,662.0,Zone C,714582
1087,3,3,1987,360.2,Zone B,774261
1926,3,2,1990,581.2,Zone D,775336
1333,1,1,1994,596.1,Zone C,671937
1350,2,2,1989,528.3,Zone C,781385
1560,3,3,1966,255.2,Zone C,742512
1283,3,3,2006,453.9,Zone D,759182
1109,5,4,1951,693.8,Zone C,689431
1131,4,4,2011,127.2,Zone C,766694
1174,5,4,1958,371.9,Zone B,725423
1186,3,3,2017,574.3,Zone D,675090
1454,2,2,1966,382.7,Zone C,723912
1218,2,2,1999,521.5,Zone B,764119
1456,4,4,1989,611.4,Zone A,883442
1171,3,3,2007,434.8,Zone C,675602
1227,1,1,1970,476.3,Zone A,860566
500,3,3,1967,413.8,Zone D,556088
1520,5,4,2004,444.7,Zone D,689070
1321,3,3,1978,715.4,Zone A,843441
1549,3,2,1973,390.4,Zone C,706528
300,3,3,1966,347.0,Zone A,693190
1930,2,2,1967,556.3,Zone C,760708
1151,3,3,1991,273.6,Zone B,735972
1587,3,3,1994,307.8,Zone C,737582
836,2,1,1966,308.7,Zone B,718217
1414,4,4,2022,361.6,Zone A,832190
831,3,3,1963,368.2,Zone B,666335
981,4,4,1998,504.9,Zone A,909548
1869,4,4,1978,348.6,Zone B,858529
1133,2,2,1953,510.9,Zone A,808047
1276,3,2,1969,529.6,Zone B,829596
1504,3,2,1996,302.0,Zone D,783670
1373,4,4,1958,526.4,Zone C,636780
1252,2,2,1976,540.0,Zone D,556721
1327,3,3,1964,135.9,Zone D,647162
2041,3,3,1968,444.0,Zone A,809525
1179,2,2,2001,324.0,Zone A,728673
1270,2,2,1975,595.5,Zone B,734425
1567,3,3,1975,322.5,Zone D,702977
1586,3,3,1975,199.1,Zone D,758180
1615,3,3,1995,395.5,Zone A,948716
1423,3,3,1998,265.5,Zone B,894349
799,3,3,2002,527.4,Zone A,841988
1771,3,3,1952,278.7,Zone C,648752
798,2,1,2015,397.4,Zone C,714842
1305,4,4,1991,631.9,Zone A,960882
936,2,2,1968,564.8,Zone B,689944
1177,3,3,1966,471.7,Zone C,734455
1315,2,1,1982,380.9,Zone C,681044
1312,2,2,1998,457.4,Zone A,885913
1347,3,3,2005,503.3,Zone D,689093
1764,2,2,2012,252.0,Zone B,970545
1358,4,3,1952,527.7,Zone C,721838
1114,1,1,1998,234.7,Zone C,615692
1537,3,3,2004,485.9,Zone A,1027365
1616,3,2,1975,234.0,Zone A,816464
770,1,1,2021,694.4,Zone C,664626
1409,2,1,2001,514.5,Zone A,898873
1445,3,3,1956,166.6,Zone C,702780
1095,3,3,1995,399.9,Zone C,724400
1681,3,3,1995,321.8,Zone C,705285
1147,3,2,1965,304.0,Zone B,728620
1243,3,3,1973,422.1,Zone B,784939
1139,1,1,2010,260.8,Zone C,739631
1205,3,3,2003,514.2,Zone A,790459
816,5,4,2011,505.7,Zone C,698303
695,3,2,1950,452.7,Zone C,549862
1758,3,3,1998,397.1,Zone B,847373
903,3,2,1974,499.0,Zone C,579015
853,4,4,1959,518.7,Zone A,709844
446,4,3,1965,468.2,Zone B,619372
976,3,3,2007,203.2,Zone D,572357
736,5,5,2021,281.7,Zone D,684274
1774,2,1,1978,359.8,Zone B,661549
1553,1,1,1955,178.6,Zone D,629696
959,4,3,1965,433.6,Zone B,683935
1988,4,4,1969,611.7,Zone B,785248
1543,2,2,2020,587.8,Zone B,796193
1086,2,2,1992,510.9,Zone D,628184
325,1,1,1975,509.2,Zone A,716222
2001,2,2,2020,732.3,Zone B,959570
713,4,4,1982,526.6,Zone B,754538
624,3,3,1975,538.8,Zone C,718290
1557,3,3,1994,184.2,Zone B,833694
2053,3,2,2012,599.9,Zone B,897366
1684,1,1,2016,459.8,Zone A,880885
1397,2,2,2001,388.0,Zone C,703460
1408,3,2,2017,350.9,Zone C,799002
1498,5,5,1975,317.7,Zone B,739049
1465,4,4,1951,588.5,Zone C,702640
1298,1,1,1963,395.7,Zone A,769614
1236,4,3,1979,323.2,Zone D,630395
1178,4,4,1998,284.3,Zone B,722323
936,4,3,1961,425.6,Zone A,919984
1101,3,3,1993,346.1,Zone B,671865
607,3,2,1982,311.8,Zone C,623992
1165,3,3,1962,192.7,Zone D,665797
853,2,2,1975,543.9,Zone B,697944
813,2,2,1970,379.3,Zone C,594908
1262,2,2,1977,237.2,Zone A,740578
1687,3,3,1997,359.3,Zone A,920220
1521,3,2,1989,482.4,Zone B,641047
650,3,3,2015,404.3,Zone C,686266
853,2,2,2022,428.6,Zone C,694154
1529,5,5,1972,406.4,Zone B,852902
856,4,4,1997,208.5,Zone A,768407
1121,4,4,1951,542.3,Zone B,682773
1392,5,5,1969,143.8,Zone A,886310
861,3,3,2008,469.2,Zone A,850565
1236,5,5,1995,492.3,Zone B,726668
733,2,2,1952,367.0,Zone B,596492
989,3,2,2004,453.0,Zone B,823841
1311,2,1,1961,358.4,Zone B,711066
642,2,2,1989,454.8,Zone A,673619
1354,2,2,2015,548.9,Zone A,944823
1193,3,3,1965,281.2,Zone C,590781
1393,4,4,1983,501.1,Zone A,853444
1278,3,3,1993,653.9,Zone C,749039
1677,2,2,1955,439.7,Zone A,882341
